depth,TempInSitu,Serial,SalinityInSitu_1pCal
01/15/2021 08:24:52,23.28,316,34.83656298
01/15/2021 08:25:02,23.28,316,34.59268213
01/15/2021 08:25:12,23.28,316,34.90039294
01/15/2021 08:25:22,23.28,316,34.72214442
01/15/2021 08:25:32,23.28,316,34.53603634
01/15/2021 08:25:42,23.27,316,34.42168249
01/15/2021 08:25:52,23.28,316,34.3234635
01/15/2021 08:26:02,23.28,316,34.25828513
01/15/2021 08:26:12,23.28,316,34.17785107
01/15/2021 08:26:22,23.29,316,34.12378799
01/15/2021 08:26:32,23.29,316,34.08385295
01/15/2021 08:26:42,23.3,316,34.03923965
01/15/2021 08:26:52,23.3,316,34.02388061
01/15/2021 08:27:02,23.3,316,33.97801131
01/15/2021 08:27:12,23.32,316,33.96867181
01/15/2021 08:27:22,23.32,316,33.9198035
01/15/2021 08:27:32,23.32,316,33.90768938
01/15/2021 08:27:42,23.32,316,33.8893174
01/15/2021 08:27:52,23.33,316,33.91211965
01/15/2021 08:28:02,23.33,316,33.86650287
01/15/2021 08:28:12,23.33,316,33.8877968
01/15/2021 08:28:22,23.33,316,33.85732082
01/15/2021 08:28:32,23.34,316,33.82836619
01/15/2021 08:28:42,23.34,316,33.82836658
01/15/2021 08:28:52,23.34,316,33.83139323
01/15/2021 08:29:02,23.35,316,33.8450123
01/15/2021 08:29:12,23.35,316,33.81162974
01/15/2021 08:29:22,23.35,316,33.80557939
01/15/2021 08:29:32,23.35,316,33.80255447
01/15/2021 08:29:42,23.37,316,33.76900543
01/15/2021 08:29:52,23.37,316,33.76900581
01/15/2021 08:30:02,23.37,316,33.78412486
01/15/2021 08:30:12,23.37,316,33.77203024
01/15/2021 08:30:22,23.37,316,33.73262574
01/15/2021 08:30:32,23.38,316,33.75833994
01/15/2021 08:30:42,23.37,316,33.75389015
01/15/2021 08:30:52,23.38,316,33.73718158
01/15/2021 08:31:02,23.38,316,33.7281144
01/15/2021 08:31:12,23.38,316,33.7249916
01/15/2021 08:31:22,23.38,316,33.74020535
01/15/2021 08:31:32,23.39,316,33.74767915
01/15/2021 08:31:42,23.39,316,33.73256937
01/15/2021 08:31:52,23.39,316,33.74767992
01/15/2021 08:32:02,23.39,316,33.7355921
01/15/2021 09:54:32,23.39,316,33.7173607
01/15/2021 09:54:42,29.16,316,34.87083632
01/15/2021 09:54:52,29.19,316,34.75244452
01/15/2021 09:55:02,29.14,316,34.75444554
01/15/2021 09:55:12,29.15,316,34.69571793
01/15/2021 09:55:22,29.16,316,34.6200643
01/15/2021 09:55:32,29.19,316,34.48609131
01/15/2021 09:55:42,29.2,316,34.49583116
01/15/2021 09:55:52,29.17,316,34.54809162
01/15/2021 09:56:02,29.17,316,34.48010693
01/15/2021 09:56:12,29.17,316,34.49034897
01/15/2021 09:56:22,29.17,316,34.48355168
01/15/2021 09:56:32,29.14,316,34.48821309
01/15/2021 09:56:42,29.15,316,34.47420813
01/15/2021 09:56:52,29.15,316,34.48436294
01/15/2021 09:57:02,29.14,316,34.43399139
01/15/2021 09:57:12,29.15,316,34.40984842
01/15/2021 09:57:22,29.15,316,34.37604449
01/15/2021 09:57:32,29.15,316,34.369339
01/15/2021 09:57:42,29.14,316,34.36981377
01/15/2021 09:57:52,29.15,316,34.36598685
01/15/2021 09:58:02,29.15,316,34.34913318
01/15/2021 09:58:12,29.16,316,34.30155959
01/15/2021 09:58:22,29.14,316,34.32595249
01/15/2021 09:58:32,29.14,316,34.35966467
01/15/2021 09:58:42,29.12,316,34.34365628
01/15/2021 09:58:52,29.12,316,34.41456174
01/15/2021 09:59:02,29.12,316,34.39760437
01/15/2021 09:59:12,29.14,316,34.34280948
01/15/2021 09:59:22,29.12,316,34.38418495
01/15/2021 09:59:32,29.12,316,34.34365802
01/15/2021 09:59:42,29.12,316,34.39760577
01/15/2021 09:59:52,29.12,316,34.33695024
01/15/2021 10:00:02,29.14,316,34.383233
01/15/2021 10:00:12,29.12,316,34.35716765
01/15/2021 10:00:22,29.14,316,34.31925118
01/15/2021 10:00:32,29.14,316,34.29234112
01/15/2021 10:00:42,29.14,316,34.33945958
01/15/2021 10:00:52,29.12,316,34.32009144
01/15/2021 10:01:02,29.12,316,34.32009178
01/15/2021 10:01:12,29.12,316,34.33024477
01/15/2021 10:01:22,29.14,316,34.31590061
01/15/2021 10:01:32,29.11,316,34.33062136
01/15/2021 10:01:42,29.12,316,34.31003166
01/15/2021 10:01:52,29.1,316,34.33444378
01/15/2021 10:02:02,29.09,316,34.34162304
01/15/2021 10:02:12,29.11,316,34.33742291
01/15/2021 10:02:22,29.11,316,34.30378726
01/15/2021 10:02:32,29.11,316,34.24668204
01/15/2021 10:02:42,29.11,316,34.29707952
01/15/2021 10:02:52,29.14,316,34.24532887
01/15/2021 10:03:02,29.16,316,34.19752693
01/15/2021 10:03:12,29.16,316,34.20757619
01/15/2021 10:03:22,29.17,316,34.2004333
01/15/2021 10:03:32,29.16,316,34.16077655
01/15/2021 10:03:42,29.15,316,34.21807344
01/15/2021 10:03:52,29.15,316,34.21807378
01/15/2021 10:04:02,29.15,316,34.20132235
01/15/2021 10:04:12,29.15,316,34.24488007
01/15/2021 10:04:22,29.15,316,34.18792257
01/15/2021 10:04:32,29.14,316,34.21517077
01/15/2021 10:04:42,29.15,316,34.19797355
01/15/2021 10:04:52,29.14,316,34.17505322
01/15/2021 10:05:02,29.16,316,34.17743471
01/15/2021 10:05:12,29.16,316,34.1708272
01/15/2021 10:05:22,29.16,316,34.16078037
01/15/2021 10:05:32,29.19,316,34.12265526
01/15/2021 10:05:42,29.19,316,34.09597526
01/15/2021 10:05:52,29.19,316,34.11270696
01/15/2021 10:06:02,29.17,316,34.13355998
01/15/2021 10:06:12,29.19,316,34.12934987
01/15/2021 10:06:22,29.19,316,34.09932282
01/15/2021 10:06:32,29.16,316,34.10403877
01/15/2021 10:06:42,29.17,316,34.11356513
01/15/2021 10:06:52,29.17,316,34.09031431
01/15/2021 10:07:02,29.19,316,34.0860303
01/15/2021 10:07:12,29.19,316,34.10267077
01/15/2021 10:07:22,29.2,316,34.10559016
01/15/2021 10:07:32,29.2,316,34.05893691
01/15/2021 10:07:42,29.2,316,34.10893657
01/15/2021 10:07:52,29.19,316,34.08937804
01/15/2021 10:08:02,29.19,316,34.09932629
01/15/2021 10:08:12,29.2,316,34.07557329
01/15/2021 10:08:22,29.2,316,34.06897373
01/15/2021 10:08:32,29.19,316,34.05275708
01/15/2021 10:08:42,29.2,316,34.06228432
01/15/2021 10:08:52,29.2,316,34.04899548
01/15/2021 10:09:02,29.19,316,34.07274139
01/15/2021 10:09:12,29.2,316,34.06563039
01/15/2021 10:09:22,29.2,316,34.05894073
01/15/2021 10:09:32,29.2,316,34.06563108
01/15/2021 10:09:42,29.19,316,34.03612329
01/15/2021 10:09:52,29.2,316,34.0456528
01/15/2021 10:10:02,29.2,316,34.03570956
01/15/2021 10:10:12,29.21,316,34.02191986
01/15/2021 10:10:22,29.21,316,34.03854928
01/15/2021 10:10:32,29.25,316,34.05332486
01/15/2021 10:10:42,29.22,316,34.10130736
01/15/2021 10:10:52,29.19,316,34.15604413
01/15/2021 10:11:02,29.2,316,34.14891525
01/15/2021 10:11:12,29.2,316,34.15895493
01/15/2021 10:11:22,29.2,316,34.15895528
01/15/2021 10:11:32,29.2,316,34.15895563
01/15/2021 10:11:42,29.19,316,34.13270803
01/15/2021 10:11:52,29.2,316,34.15560983
01/15/2021 10:12:02,29.19,316,34.1260154
01/15/2021 10:12:12,29.2,316,34.15226408
01/15/2021 10:12:22,29.2,316,34.11220163
01/15/2021 10:12:32,29.2,316,34.10560093
01/15/2021 10:12:42,29.2,316,34.0822732
01/15/2021 10:12:52,29.19,316,34.03947511
01/15/2021 10:13:02,29.19,316,34.04942103
01/15/2021 10:13:12,29.17,316,34.04699846
01/15/2021 10:13:22,29.16,316,34.09409949
01/15/2021 10:13:32,29.15,316,34.08791753
01/15/2021 10:13:42,29.16,316,34.0242576
01/15/2021 10:13:52,29.12,316,34.04934875
01/15/2021 10:14:02,29.12,316,34.04934909
01/15/2021 10:14:12,29.1,316,34.00716563
01/15/2021 10:14:22,29.09,316,33.97461056
01/15/2021 10:14:32,29.09,316,33.99444197
01/15/2021 10:14:42,29.1,316,33.99394737
01/15/2021 10:14:52,29.08,316,34.0115131
01/15/2021 10:15:02,29.06,316,34.04232287
01/15/2021 10:15:12,29,316,34.0320025
01/15/2021 10:15:22,28.93,316,34.05866296
01/15/2021 10:15:32,28.83,316,33.9877942
01/15/2021 10:15:42,28.73,316,33.94381388
01/15/2021 10:15:52,28.66,316,33.9970708
01/15/2021 10:16:02,28.7,316,33.98828768
01/15/2021 10:16:12,28.71,316,33.95807971
01/15/2021 10:16:22,28.72,316,33.97729037
01/15/2021 10:16:32,28.72,316,34.04321051
01/15/2021 10:16:42,28.73,316,34.0129951
01/15/2021 10:16:52,28.76,316,34.01462218
01/15/2021 10:17:02,28.76,316,33.99485241
01/15/2021 10:17:12,28.76,316,33.99485276
01/15/2021 10:17:22,28.76,316,33.97180548
01/15/2021 10:17:32,28.71,316,33.97121134
01/15/2021 10:17:42,28.71,316,33.98771505
01/15/2021 10:17:52,28.73,316,33.95037991
01/15/2021 10:18:02,28.77,316,33.99427588
01/15/2021 10:18:12,28.79,316,33.9998566
01/15/2021 10:18:22,28.79,316,34.00313494
01/15/2021 10:18:32,28.81,316,33.99542009
01/15/2021 10:18:42,28.81,316,33.98559055
01/15/2021 10:18:52,28.82,316,33.95862498
01/15/2021 10:19:02,28.81,316,33.93617565
01/15/2021 10:19:12,28.73,316,33.64676235
01/15/2021 10:19:22,28.82,316,33.86338375
01/15/2021 10:19:32,28.77,316,33.68663324
01/15/2021 10:19:42,28.7,316,33.50649011
01/15/2021 10:19:52,28.73,316,33.43074265
01/15/2021 10:20:02,28.73,316,33.4115619
01/15/2021 10:20:12,28.79,316,33.79626917
01/15/2021 10:20:22,28.82,316,33.85683781
01/15/2021 10:20:32,28.83,316,33.86283059
01/15/2021 10:20:42,28.83,316,33.91866908
01/15/2021 10:20:52,28.83,316,33.86283129
01/15/2021 10:21:02,28.84,316,33.85900308
01/15/2021 10:21:12,28.83,316,33.81364476
01/15/2021 10:21:22,28.81,316,33.68763903
01/15/2021 10:21:32,28.84,316,33.91483109
01/15/2021 10:21:42,28.82,316,33.97510025
01/15/2021 10:21:52,28.81,316,33.89669378
01/15/2021 10:22:02,28.79,316,33.88798794
01/15/2021 10:22:12,28.81,316,33.8770443
01/15/2021 10:22:22,28.78,316,33.74459766
01/15/2021 10:22:32,28.81,316,33.76572833
01/15/2021 10:22:42,28.79,316,33.76689398
01/15/2021 10:22:52,28.78,316,33.71858524
01/15/2021 10:23:02,28.83,316,33.73857144
01/15/2021 10:23:12,28.84,316,33.72495564
01/15/2021 10:23:22,28.84,316,33.84264455
01/15/2021 10:23:32,28.87,316,33.79511159
01/15/2021 10:23:42,28.97,316,33.78322872
01/15/2021 10:23:52,28.89,316,33.66040725
01/15/2021 10:24:02,28.9,316,33.70534699
01/15/2021 10:24:12,29.06,316,33.87710315
01/15/2021 10:24:22,28.95,316,33.69291431
01/15/2021 10:24:32,28.99,316,33.72006925
01/15/2021 10:24:42,29.06,316,33.69036901
01/15/2021 10:24:52,29.09,316,33.83288083
01/15/2021 10:25:02,29.05,316,33.69080796
01/15/2021 10:25:12,29.05,316,33.73660274
01/15/2021 10:25:22,29.1,316,33.77651264
01/15/2021 10:25:32,29.06,316,33.76547951
01/15/2021 10:25:42,29.06,316,33.72294512
01/15/2021 10:25:52,29.06,316,33.73280914
01/15/2021 10:26:02,29.04,316,33.730533
01/15/2021 10:26:12,29.04,316,33.71749793
01/15/2021 10:26:22,29.05,316,33.81183453
01/15/2021 10:26:32,29.05,316,33.82831467
01/15/2021 10:26:42,29.09,316,33.87559931
01/15/2021 10:26:52,29.24,316,33.98739086
01/15/2021 10:27:02,29.19,316,33.84439459
01/15/2021 10:27:12,29.22,316,33.95189041
01/15/2021 10:27:22,29.26,316,33.94009179
01/15/2021 10:27:32,29.25,316,33.96378189
01/15/2021 10:27:42,29.22,316,33.92876933
01/15/2021 10:27:52,29.24,316,33.88816755
01/15/2021 10:28:02,29.17,316,33.87172293
01/15/2021 10:28:12,29.15,316,33.84636459
01/15/2021 10:28:22,29.14,316,33.82712501
01/15/2021 10:28:32,29.24,316,33.99732846
01/15/2021 10:28:42,29.21,316,33.95563578
01/15/2021 10:28:52,29.17,316,33.93110831
01/15/2021 10:29:02,29.19,316,34.04285408
01/15/2021 10:29:12,29.16,316,33.98783975
01/15/2021 10:29:22,29.16,316,33.85900325
01/15/2021 10:29:32,29.15,316,33.91227583
01/15/2021 10:29:42,29.17,316,33.91791224
01/15/2021 10:29:52,29.17,316,33.88492168
01/15/2021 10:30:02,29.19,316,33.88062586
01/15/2021 10:30:12,29.15,316,33.85947649
01/15/2021 10:30:22,29.15,316,33.82657345
01/15/2021 10:30:32,29.19,316,33.84765374
01/15/2021 10:30:42,29.2,316,33.79462773
01/15/2021 10:30:52,29.21,316,33.8764237
01/15/2021 10:31:02,29.24,316,33.87165613
01/15/2021 10:31:12,29.25,316,33.86459313
01/15/2021 10:31:22,29.26,316,33.85753261
01/15/2021 10:31:32,29.33,316,33.7293667
01/15/2021 10:31:42,29.38,316,33.68770423
01/15/2021 10:31:52,29.44,316,33.56079998
01/15/2021 10:32:02,29.43,316,33.62329638
01/15/2021 10:32:12,29.41,316,33.62740104
01/15/2021 10:32:22,29.37,316,33.21239321
01/15/2021 10:32:32,29.24,316,33.03796135
01/15/2021 10:32:42,29.24,316,33.818955
01/15/2021 10:32:52,29.26,316,33.765441
01/15/2021 10:33:02,29.25,316,33.78889955
01/15/2021 10:33:12,29.21,316,33.29761239
01/15/2021 10:33:22,29.22,316,33.10886029
01/15/2021 10:33:32,29.19,316,33.41767301
01/15/2021 10:33:42,29.16,316,33.08043148
01/15/2021 10:33:52,29.19,316,32.98703261
01/15/2021 10:34:02,29.16,316,32.7441798
01/15/2021 10:34:12,29.16,316,32.54566985
01/15/2021 10:34:22,29.15,316,32.5679127
01/15/2021 10:34:32,29.21,316,32.73808061
01/15/2021 10:34:42,29.24,316,32.79878143
01/15/2021 10:34:52,29.25,316,32.84833818
01/15/2021 10:35:02,29.22,316,32.84066771
01/15/2021 10:35:12,29.28,316,33.02625224
01/15/2021 10:35:22,29.3,316,33.06952504
01/15/2021 10:35:32,29.27,316,33.13154456
01/15/2021 10:35:42,29.31,316,33.39210233
01/15/2021 10:35:52,29.3,316,33.37333221
01/15/2021 10:36:02,29.3,316,33.59679284
01/15/2021 10:36:12,29.3,316,33.56428989
01/15/2021 10:36:22,29.28,316,33.63359032
01/15/2021 10:36:32,29.27,316,33.68962787
01/15/2021 10:36:42,29.27,316,33.56248984
01/15/2021 10:36:52,29.28,316,32.89379456
01/15/2021 10:37:02,29.3,316,32.97461179
01/15/2021 10:37:12,29.36,316,33.08225836
01/15/2021 10:37:22,29.27,316,32.79705039
01/15/2021 10:37:32,29.3,316,32.88323886
01/15/2021 10:37:42,29.26,316,32.68219153
01/15/2021 10:37:52,29.3,316,33.00936043
01/15/2021 10:38:02,29.27,316,32.92579364
01/15/2021 10:38:12,29.31,316,32.88267469
01/15/2021 10:38:22,29.32,316,32.91673867
01/15/2021 10:38:32,29.33,316,33.09340743
01/15/2021 10:38:42,29.22,316,32.6224521
01/15/2021 10:38:52,29.26,316,32.74769798
01/15/2021 10:39:02,29.31,316,32.9392988
01/15/2021 10:39:12,29.38,316,33.20235647
01/15/2021 10:39:22,29.39,316,33.3720156
01/15/2021 10:39:32,29.32,316,33.30792848
01/15/2021 10:39:42,29.27,316,33.89343148
01/15/2021 10:39:52,29.27,316,33.91319073
01/15/2021 10:40:02,29.24,316,33.95761868
01/15/2021 10:40:12,29.27,316,33.76499949
01/15/2021 10:40:22,29.25,316,33.93401772
01/15/2021 10:40:32,29.26,316,33.87072422
01/15/2021 10:40:42,29.27,316,33.78465728
01/15/2021 10:40:52,29.28,316,33.76778933
01/15/2021 10:41:02,29.27,316,33.72560305
01/15/2021 10:41:12,29.28,316,33.70226166
01/15/2021 10:41:22,29.3,316,33.61310246
01/15/2021 10:41:32,29.32,316,33.7003889
01/15/2021 10:41:42,29.28,316,33.57171721
01/15/2021 10:41:52,29.33,316,33.67698474
01/15/2021 10:42:02,29.31,316,33.57675347
01/15/2021 10:42:12,29.33,316,33.74244669
01/15/2021 10:42:22,29.35,316,33.66296232
01/15/2021 10:42:32,29.33,316,33.69337204
01/15/2021 10:42:42,29.35,316,33.74487026
01/15/2021 10:42:52,29.36,316,33.77069983
01/15/2021 10:43:02,29.36,316,33.71489507
01/15/2021 10:43:12,29.35,316,33.71201458
01/15/2021 10:43:22,29.35,316,33.71534537
01/15/2021 10:43:32,29.35,316,33.78754833
01/15/2021 10:43:42,29.31,316,33.90810608
01/15/2021 10:43:52,29.32,316,33.87463246
01/15/2021 10:44:02,29.36,316,33.72470698
01/15/2021 10:44:12,29.36,316,33.69194966
01/15/2021 10:44:22,29.35,316,33.81393447
01/15/2021 10:44:32,29.37,316,33.70131177
01/15/2021 10:44:42,29.37,316,33.69150514
01/15/2021 10:44:52,29.38,316,33.72704432
01/15/2021 10:45:02,29.38,316,33.68449362
01/15/2021 10:45:12,29.37,316,33.69150618
01/15/2021 10:45:22,29.38,316,33.65499247
01/15/2021 10:45:32,29.37,316,33.59993711
01/15/2021 10:45:42,29.37,316,33.66856608
01/15/2021 10:45:52,29.37,316,33.62278155
01/15/2021 10:46:02,29.36,316,33.63311042
01/15/2021 10:46:12,29.38,316,33.6615598
01/15/2021 10:46:22,29.38,316,33.66156015
01/15/2021 10:46:32,29.37,316,33.58366228
01/15/2021 10:46:42,29.36,316,33.58741629
01/15/2021 10:46:52,29.36,316,33.55486011
01/15/2021 10:47:02,29.37,316,33.52836716
01/15/2021 10:47:12,29.35,316,33.5163387
01/15/2021 10:47:22,29.36,316,33.62330761
01/15/2021 10:47:32,29.35,316,33.53909241
01/15/2021 10:47:42,29.33,316,33.53030041
01/15/2021 10:47:52,29.35,316,33.5488066
01/15/2021 10:48:02,29.37,316,33.5967048
01/15/2021 10:48:12,29.33,316,33.56278187
01/15/2021 10:48:22,29.38,316,33.59295036
01/15/2021 10:48:32,29.41,316,33.53299439
01/15/2021 10:48:42,29.43,316,33.60697999
01/15/2021 10:48:52,29.42,316,33.75805928
01/15/2021 10:49:02,29.42,316,33.76138659
01/15/2021 10:49:12,29.41,316,33.63732306
01/15/2021 10:49:22,29.41,316,33.56551985
01/15/2021 10:49:32,29.39,316,33.70690288
01/15/2021 10:49:42,29.39,316,33.64476095
01/15/2021 10:49:52,29.41,316,33.70933224
01/15/2021 10:50:02,29.39,316,33.6611273
01/15/2021 10:50:12,29.41,316,33.66348243
01/15/2021 10:50:22,29.41,316,33.65359475
01/15/2021 10:50:32,29.41,316,33.66348312
01/15/2021 10:50:42,29.41,316,33.62096826
01/15/2021 10:50:52,29.41,316,33.61440783
01/15/2021 10:51:02,29.39,316,33.64476371
01/15/2021 10:51:12,29.39,316,33.62839966
01/15/2021 10:51:22,29.39,316,33.61212679
01/15/2021 10:51:32,29.41,316,33.67984638
01/15/2021 10:51:42,29.39,316,33.69053817
01/15/2021 10:51:52,29.38,316,33.6354003
01/15/2021 10:52:02,29.38,316,33.67794181
01/15/2021 10:52:12,29.38,316,33.67794216
01/15/2021 10:52:22,29.38,316,33.64520393
01/15/2021 10:52:32,29.39,316,33.66113248
01/15/2021 10:52:42,29.41,316,33.65036361
01/15/2021 10:52:52,29.39,316,33.64800457
01/15/2021 10:53:02,29.42,316,33.6662824
01/15/2021 10:53:12,29.39,316,33.65780667
01/15/2021 10:53:22,29.41,316,33.66672517
01/15/2021 10:53:32,29.41,316,33.69621299
01/15/2021 10:53:42,29.42,316,33.68587813
01/15/2021 10:53:52,29.42,316,33.66628413
01/15/2021 10:54:02,29.43,316,33.65928245
01/15/2021 10:54:12,29.42,316,33.65972382
01/15/2021 10:54:22,29.42,316,33.67608211
01/15/2021 10:54:32,29.41,316,33.71590564
01/15/2021 10:54:42,29.42,316,33.6858802
01/15/2021 10:54:52,29.41,316,33.627448
01/15/2021 10:55:02,29.39,316,33.64800906
01/15/2021 10:55:12,29.39,316,33.64144541
01/15/2021 10:55:22,29.39,316,33.66437566
01/15/2021 10:55:32,29.41,316,33.73227296
01/15/2021 10:55:42,29.42,316,33.64660553
01/15/2021 10:55:52,29.41,316,33.70934467
01/15/2021 10:56:02,29.41,316,33.65360649
01/15/2021 10:56:12,29.42,316,33.65316716
01/15/2021 10:56:22,29.42,316,33.58137154
01/15/2021 10:56:32,29.42,316,33.62045677
01/15/2021 10:56:42,29.41,316,33.5785639
01/15/2021 10:56:52,29.39,316,33.53070102
01/15/2021 10:57:02,29.39,316,33.55343949
01/15/2021 10:57:12,29.39,316,33.52423124
01/15/2021 10:57:22,29.39,316,33.53070206
01/15/2021 10:57:32,29.38,316,33.5214116
01/15/2021 10:57:42,29.38,316,33.57669627
01/15/2021 10:57:52,29.38,316,33.60933465
01/15/2021 10:58:02,29.37,316,33.56741046
01/15/2021 10:58:12,29.38,316,33.54415421
01/15/2021 10:58:22,29.39,316,33.54697107
01/15/2021 10:58:32,29.41,316,33.51675511
01/15/2021 10:58:42,29.41,316,33.55574559
01/15/2021 10:58:52,29.42,316,33.47081018
01/15/2021 10:59:02,29.43,316,33.49302942
01/15/2021 10:59:12,29.44,316,33.43104453
01/15/2021 10:59:22,29.43,316,33.45415542
01/15/2021 10:59:32,29.44,316,33.43427608
01/15/2021 10:59:42,29.44,316,33.37926875
01/15/2021 10:59:52,29.43,316,33.4249827
01/15/2021 11:00:02,29.43,316,33.43153557
01/15/2021 11:00:12,29.42,316,33.43193533
01/15/2021 11:00:22,29.42,316,33.47081329
01/15/2021 11:00:32,29.42,316,33.461116
01/15/2021 11:00:42,29.39,316,33.50150351
01/15/2021 11:00:52,29.39,316,33.50150386
01/15/2021 11:01:02,29.38,316,33.50191547
01/15/2021 11:01:12,29.39,316,33.50150455
01/15/2021 11:01:22,29.38,316,33.46956432
01/15/2021 11:01:32,29.38,316,33.42419058
01/15/2021 11:01:42,29.39,316,33.46906981
01/15/2021 11:01:52,29.36,316,33.45104967
01/15/2021 11:02:02,29.39,316,33.43987358
01/15/2021 11:02:12,29.39,316,33.43017246
01/15/2021 11:02:22,29.39,316,33.43017281
01/15/2021 11:02:32,29.39,316,33.44634251
01/15/2021 11:02:42,29.37,316,33.50565598
01/15/2021 11:02:52,29.39,316,33.55021596
01/15/2021 11:03:02,29.38,316,33.58327049
01/15/2021 11:03:12,29.35,316,33.58796675
01/15/2021 11:03:22,29.32,316,33.66441515
01/15/2021 11:03:32,29.35,316,33.61072819
01/15/2021 11:03:42,29.32,316,33.60895848
01/15/2021 11:03:52,29.33,316,33.56938304
01/15/2021 11:04:02,29.3,316,33.5936094
01/15/2021 11:04:12,29.28,316,33.60437022
01/15/2021 11:04:22,29.27,316,33.61786246
01/15/2021 11:04:32,29.27,316,33.59831165
01/15/2021 11:04:42,29.24,316,33.63565042
01/15/2021 11:04:52,29.24,316,33.62582374
01/15/2021 11:05:02,29.26,316,33.57278888
01/15/2021 11:05:12,29.26,316,33.56630221
01/15/2021 11:05:22,29.22,316,33.60080367
01/15/2021 11:05:32,29.24,316,33.59328203
01/15/2021 11:05:42,29.22,316,33.57808123
01/15/2021 11:05:52,29.24,316,33.58679274
01/15/2021 11:06:02,29.24,316,33.554256
01/15/2021 11:06:12,29.22,316,33.59106662
01/15/2021 11:06:22,29.24,316,33.57705916
01/15/2021 11:06:32,29.22,316,33.6008061
01/15/2021 11:06:42,29.22,316,33.61712893
01/15/2021 11:06:52,29.24,316,33.59977499
01/15/2021 11:07:02,29.21,316,33.59158228
01/15/2021 11:07:12,29.21,316,33.61431133
01/15/2021 11:07:22,29.21,316,33.58508951
01/15/2021 11:07:32,29.19,316,33.5925206
01/15/2021 11:07:42,29.19,316,33.58277724
01/15/2021 11:07:52,29.19,316,33.59585951
01/15/2021 11:08:02,29.17,316,33.60988535
01/15/2021 11:08:12,29.19,316,33.61210096
01/15/2021 11:08:22,29.17,316,33.61963452
01/15/2021 11:08:32,29.15,316,33.62717259
01/15/2021 11:08:42,29.15,316,33.63367476
01/15/2021 11:08:52,29.16,316,33.60056329
01/15/2021 11:09:02,29.15,316,33.63367546
01/15/2021 11:09:12,29.14,316,33.60809485
01/15/2021 11:09:22,29.15,316,33.62717432
01/15/2021 11:09:32,29.16,316,33.63315612
01/15/2021 11:09:42,29.12,316,33.6547547
01/15/2021 11:09:52,29.14,316,33.63419745
01/15/2021 11:10:02,29.11,316,33.66829391
01/15/2021 11:10:12,29.11,316,33.66178664
01/15/2021 11:10:22,29.12,316,33.67752872
01/15/2021 11:10:32,29.11,316,33.6944178
01/15/2021 11:10:42,29.11,316,33.66178768
01/15/2021 11:10:52,29.12,316,33.68738059
01/15/2021 11:11:02,29.11,316,33.71719988
01/15/2021 11:11:12,29.1,316,33.72424551
01/15/2021 11:11:22,29.09,316,33.70850279
01/15/2021 11:11:32,29.1,316,33.69486004
01/15/2021 11:11:42,29.09,316,33.73129431
01/15/2021 11:11:52,29.09,316,33.74766577
01/15/2021 11:12:02,29.09,316,33.7411537
01/15/2021 11:12:12,29.09,316,33.76403885
01/15/2021 11:12:22,29.09,316,33.76403919
01/15/2021 11:12:32,29.09,316,33.75752662
01/15/2021 11:12:42,29.09,316,33.74115509
01/15/2021 11:12:52,29.09,316,33.75752731
01/15/2021 11:13:02,29.1,316,33.75047427
01/15/2021 11:13:12,29.1,316,33.75047462
01/15/2021 11:13:22,29.08,316,33.76458423
01/15/2021 11:13:32,29.08,316,33.73509169
01/15/2021 11:13:42,29.08,316,33.78096159
01/15/2021 11:13:52,29.08,316,33.78096194
01/15/2021 11:14:02,29.08,316,33.78096228
01/15/2021 11:14:12,29.05,316,33.81528454
01/15/2021 11:14:22,29.06,316,33.78848129
01/15/2021 11:14:32,29.05,316,33.81528524
01/15/2021 11:14:42,29.04,316,33.82235776
01/15/2021 11:14:52,29.06,316,33.79509027
01/15/2021 11:15:02,29.06,316,33.77870692
01/15/2021 11:15:12,29.05,316,33.77264364
01/15/2021 11:15:22,29.06,316,33.80160894
01/15/2021 11:15:32,29.06,316,33.78848372
01/15/2021 11:15:42,29.05,316,33.79554951
01/15/2021 11:15:52,29.06,316,33.79835115
01/15/2021 11:16:02,29.06,316,33.77210157
01/15/2021 11:16:12,29.05,316,33.80215992
01/15/2021 11:16:22,29.05,316,33.77916419
01/15/2021 11:16:32,29.04,316,33.80261918
01/15/2021 11:16:42,29.04,316,33.80923031
01/15/2021 11:16:52,29.03,316,33.8163025
01/15/2021 11:17:02,29.03,316,33.81630285
01/15/2021 11:17:12,29.05,316,33.80542149
01/15/2021 11:17:22,29.04,316,33.79284096
01/15/2021 11:17:32,29.03,316,33.80969169
01/15/2021 11:17:42,29.03,316,33.84909659
01/15/2021 11:17:52,29.03,316,33.79991032
01/15/2021 11:18:02,29.04,316,33.80923309
01/15/2021 11:18:12,29.03,316,33.81630528
01/15/2021 11:18:22,29.03,316,33.81630563
01/15/2021 11:18:32,29.03,316,33.79991171
01/15/2021 11:18:42,29.01,316,33.84024452
01/15/2021 11:18:52,29,316,33.86046983
01/15/2021 11:19:02,29,316,33.84732665
01/15/2021 11:19:12,29,316,33.82439575
01/15/2021 11:19:22,28.97,316,33.83575549
01/15/2021 11:19:32,28.99,316,33.85441162
01/15/2021 11:19:42,28.99,316,33.84462073
01/15/2021 11:19:52,28.99,316,33.83800318
01/15/2021 11:20:02,28.97,316,33.87520927
01/15/2021 11:20:12,28.98,316,33.82214743
01/15/2021 11:20:22,28.98,316,33.85170644
01/15/2021 11:20:32,28.98,316,33.83203078
01/15/2021 11:20:42,28.98,316,33.83855937
01/15/2021 11:20:52,28.99,316,33.83147823
01/15/2021 11:21:02,28.99,316,33.86103317
01/15/2021 11:21:12,28.99,316,33.90047627
01/15/2021 11:21:22,29.01,316,33.84686566
01/15/2021 11:21:32,29.01,316,33.85674442
01/15/2021 11:21:42,29.03,316,33.83596927
01/15/2021 11:21:52,29.03,316,33.80317931
01/15/2021 11:22:02,29,316,33.84733292
01/15/2021 11:22:12,29,316,33.81787659
01/15/2021 11:22:22,29,316,33.83428153
01/15/2021 11:22:32,28.98,316,33.86150432
01/15/2021 11:22:42,28.99,316,33.8150747
01/15/2021 11:22:52,28.98,316,33.8385639
01/15/2021 11:23:02,28.99,316,33.85441893
01/15/2021 11:23:12,28.98,316,33.84844801
01/15/2021 11:23:22,28.97,316,33.82270537
01/15/2021 11:23:32,28.97,316,33.85553483
01/15/2021 11:23:42,28.98,316,33.86150676
01/15/2021 11:23:52,28.97,316,33.8325002
01/15/2021 11:24:02,28.95,316,33.88940584
01/15/2021 11:24:12,28.95,316,33.85329369
01/15/2021 11:24:22,28.97,316,33.83250124
01/15/2021 11:24:32,28.95,316,33.85329439
01/15/2021 11:24:42,28.94,316,33.86038482
01/15/2021 11:24:52,28.93,316,33.89697884
01/15/2021 11:25:02,28.94,316,33.86038552
01/15/2021 11:25:12,28.92,316,33.89100641
01/15/2021 11:25:22,28.93,316,33.87401407
01/15/2021 11:25:32,28.9,316,33.91175188
01/15/2021 11:25:42,28.93,316,33.84115891
01/15/2021 11:25:52,28.89,316,33.86953196
01/15/2021 11:26:02,28.9,316,33.8723343
01/15/2021 11:26:12,28.9,316,33.88541283
01/15/2021 11:26:22,28.93,316,33.890446
01/15/2021 11:26:32,28.92,316,33.86468091
01/15/2021 11:26:42,28.92,316,33.87457668
01/15/2021 11:26:52,28.9,316,33.88877472
01/15/2021 11:27:02,28.9,316,33.90521502
01/15/2021 11:27:12,28.92,316,33.85487812
01/15/2021 11:27:22,28.89,316,33.89587837
01/15/2021 11:27:32,28.88,316,33.91606866
01/15/2021 11:27:42,28.92,316,33.88111545
01/15/2021 11:27:52,28.9,316,33.90521676
01/15/2021 11:28:02,28.9,316,33.9348304
01/15/2021 11:28:12,28.88,316,33.92597508
01/15/2021 11:28:22,28.89,316,33.92540698
01/15/2021 11:28:32,28.88,316,33.91943296
01/15/2021 11:28:42,28.9,316,33.91175851
01/15/2021 11:28:52,28.92,316,33.87458121
01/15/2021 11:29:02,28.92,316,33.90744858
01/15/2021 11:29:12,28.93,316,33.91015126
01/15/2021 11:29:22,28.93,316,33.8839165
01/15/2021 11:29:32,28.98,316,33.83531369
01/15/2021 11:29:42,29.04,316,33.7928667
01/15/2021 11:29:52,29.09,316,33.77719259
01/15/2021 11:30:02,29.09,316,33.81329126
01/15/2021 11:30:12,29.1,316,33.7766478
01/15/2021 11:30:22,29.03,316,33.83924856
01/15/2021 11:30:32,29,316,33.82768222
01/15/2021 11:30:42,28.87,316,33.91664181
01/15/2021 11:30:52,28.84,316,33.93798432
01/15/2021 11:31:02,28.82,316,33.95222534
01/15/2021 11:31:12,28.84,316,33.89851844
01/15/2021 11:31:22,28.83,316,33.93518951
01/15/2021 11:31:32,28.84,316,33.95444745
01/15/2021 11:31:42,28.87,316,33.91010018
01/15/2021 11:31:52,28.87,316,33.92655111
01/15/2021 11:32:02,28.87,316,33.91010088
01/15/2021 11:32:12,28.88,316,33.90953592
01/15/2021 11:32:22,28.88,316,33.90299395
01/15/2021 11:32:32,28.87,316,33.94627671
01/15/2021 11:32:42,28.87,316,33.916646
01/15/2021 11:32:52,28.87,316,33.95618564
01/15/2021 11:33:02,28.88,316,33.94243402
01/15/2021 11:33:12,28.87,316,33.95945889
01/15/2021 11:33:22,28.86,316,33.94021357
01/15/2021 11:33:32,28.87,316,33.96273219
01/15/2021 11:33:42,28.87,316,33.97591434
01/15/2021 11:33:52,28.87,316,33.94300715
01/15/2021 11:34:02,28.89,316,33.90570376
01/15/2021 11:34:12,28.88,316,33.94570821
01/15/2021 11:34:22,28.88,316,33.96879394
01/15/2021 11:34:32,28.88,316,33.93916548
01/15/2021 11:34:42,28.88,316,33.93916583
01/15/2021 11:34:52,28.89,316,33.9847586
01/15/2021 11:35:02,28.87,316,33.92982983
01/15/2021 11:35:12,28.89,316,33.94522907
01/15/2021 11:35:22,28.89,316,33.93859634
01/15/2021 11:35:32,28.87,316,33.93964746
01/15/2021 11:35:42,28.88,316,33.93916792
01/15/2021 11:35:52,28.88,316,33.90627241
01/15/2021 11:36:02,28.88,316,33.94571205
01/15/2021 11:36:12,28.88,316,33.93253486
01/15/2021 11:36:22,28.88,316,33.95561916
01/15/2021 11:36:32,28.88,316,33.95561951
01/15/2021 11:36:42,28.88,316,33.95234796
01/15/2021 11:36:52,28.89,316,33.90898027
01/15/2021 11:37:02,28.88,316,33.93253661
01/15/2021 11:37:12,28.89,316,33.93860018
01/15/2021 11:37:22,28.89,316,33.9123428
01/15/2021 11:37:32,28.9,316,33.89206677
01/15/2021 11:37:42,28.88,316,33.92272354
01/15/2021 11:37:52,28.89,316,33.89917078
01/15/2021 11:38:02,28.89,316,33.91561488
01/15/2021 11:38:12,28.9,316,33.89533794
01/15/2021 11:38:22,28.89,316,33.93860262
01/15/2021 11:38:32,28.9,316,33.90187834
01/15/2021 11:38:42,28.9,316,33.91177945
01/15/2021 11:38:52,28.89,316,33.94850794
01/15/2021 11:39:02,28.88,316,33.91609275
01/15/2021 11:39:12,28.89,316,33.92542967
01/15/2021 11:39:22,28.87,316,33.94629102
01/15/2021 11:39:32,28.89,316,33.93206304
01/15/2021 11:39:42,28.89,316,33.90898621
01/15/2021 11:39:52,28.89,316,33.93860576
01/15/2021 11:40:02,28.89,316,33.94851038
01/15/2021 11:40:12,28.87,316,33.92984066
01/15/2021 11:40:22,28.9,316,33.95793202
01/15/2021 11:40:32,28.93,316,33.9530296
01/15/2021 11:40:42,28.93,316,33.95302995
01/15/2021 11:40:52,28.93,316,33.9464926
01/15/2021 11:41:02,28.94,316,33.98550486
01/15/2021 11:41:12,28.97,316,33.99065989
01/15/2021 11:41:22,29.04,316,33.92441499
01/15/2021 11:41:32,29.03,316,33.9645034
01/15/2021 11:41:42,29.05,316,33.95029884
01/15/2021 11:41:52,29.05,316,33.96017524
01/15/2021 11:42:02,29.05,316,33.95029953
01/15/2021 11:42:12,29.06,316,33.93658862
01/15/2021 11:42:22,29.09,316,33.96157454
01/15/2021 11:42:32,29.06,316,33.95307581
01/15/2021 11:42:42,29.05,316,33.98998915
01/15/2021 11:42:52,29.05,316,33.97340653
01/15/2021 11:43:02,29.05,316,33.97340688
01/15/2021 11:43:12,29.05,316,33.9899902
01/15/2021 11:43:22,29.05,316,34.00648418
01/15/2021 11:43:32,29.03,316,33.99759481
01/15/2021 11:43:42,29.04,316,33.98051444
01/15/2021 11:43:52,29.01,316,34.01182467
01/15/2021 11:44:02,29.03,316,33.98100627
01/15/2021 11:44:12,29.03,316,33.971126
01/15/2021 11:44:22,29.01,316,34.02506775
01/15/2021 11:44:32,29.03,316,33.97438997
01/15/2021 11:44:42,29.03,316,33.97774429
01/15/2021 11:44:52,29.03,316,33.99424331
01/15/2021 11:45:02,29.03,316,34.00086162
01/15/2021 11:45:12,29,316,33.99908003
01/15/2021 11:45:22,29.03,316,33.99424436
01/15/2021 11:45:32,29.03,316,34.00748084
01/15/2021 11:45:42,29.03,316,33.97439241
01/15/2021 11:45:52,29.03,316,33.99759969
01/15/2021 11:46:02,29.03,316,34.01410026
01/15/2021 11:46:12,29.01,316,34.02171565
01/15/2021 11:46:22,29,316,34.04870504
01/15/2021 11:46:32,28.97,316,34.06019918
01/15/2021 11:46:42,28.98,316,34.01994341
01/15/2021 11:46:52,28.99,316,33.99957716
01/15/2021 11:47:02,28.95,316,34.01807527
01/15/2021 11:47:12,28.98,316,33.996714
01/15/2021 11:47:22,28.99,316,34.00620114
01/15/2021 11:47:32,28.97,316,34.0138164
01/15/2021 11:47:42,28.95,316,34.01144854
01/15/2021 11:47:52,28.94,316,34.02520258
01/15/2021 11:48:02,28.94,316,33.99550778
01/15/2021 11:48:12,28.94,316,33.99550812
01/15/2021 11:48:22,28.93,316,33.99263974
01/15/2021 11:48:32,28.93,316,34.02570107
01/15/2021 11:48:42,28.94,316,33.98552091
01/15/2021 11:48:52,28.95,316,34.00818239
01/15/2021 11:49:02,28.97,316,33.97080231
01/15/2021 11:49:12,28.95,316,33.97840493
01/15/2021 11:49:22,28.97,316,34.01708772
01/15/2021 11:49:32,28.98,316,33.96369244
01/15/2021 11:49:42,28.95,316,33.96851111
01/15/2021 11:49:52,28.97,316,34.0038376
01/15/2021 11:50:02,28.98,316,33.95707067
01/15/2021 11:50:12,28.99,316,33.92357122
01/15/2021 11:50:22,28.97,316,33.94440011
01/15/2021 11:50:32,28.99,316,33.94007837
01/15/2021 11:50:42,28.98,316,33.95380609
01/15/2021 11:50:52,28.98,316,33.98683134
01/15/2021 11:51:02,28.98,316,33.99345543
01/15/2021 11:51:12,28.99,316,33.97309653
01/15/2021 11:51:22,28.99,316,33.94343598
01/15/2021 11:51:32,28.99,316,33.94996681
01/15/2021 11:51:42,28.98,316,33.96369697
01/15/2021 11:51:52,28.99,316,33.97309793
01/15/2021 11:52:02,28.98,316,33.95707485
01/15/2021 11:52:12,28.94,316,33.99878548
01/15/2021 11:52:22,28.95,316,33.96851669
01/15/2021 11:52:32,28.95,316,33.95199637
01/15/2021 11:52:42,28.95,316,33.92240795
01/15/2021 11:52:52,28.95,316,33.9224083
01/15/2021 11:53:02,28.95,316,33.95862368
01/15/2021 11:53:12,28.97,316,33.96418678
01/15/2021 11:53:22,28.98,316,33.94065757
01/15/2021 11:53:32,28.98,316,33.90437499
01/15/2021 11:53:42,28.95,316,33.94210517
01/15/2021 11:53:52,28.98,316,33.94392438
01/15/2021 11:54:02,28.99,316,33.9104294
01/15/2021 11:54:12,28.98,316,33.93068089
01/15/2021 11:54:22,28.99,316,33.9335562
01/15/2021 11:54:32,28.99,316,33.92358028
01/15/2021 11:54:42,28.97,316,33.96092325
01/15/2021 11:54:52,28.97,316,33.9377861
01/15/2021 11:55:02,28.97,316,33.90821042
01/15/2021 11:55:12,28.98,316,33.9538155
01/15/2021 11:55:22,28.97,316,33.94441056
01/15/2021 11:55:32,28.98,316,33.91753102
01/15/2021 11:55:42,28.98,316,33.914266
01/15/2021 11:55:52,28.97,316,33.91474393
01/15/2021 11:56:02,28.98,316,33.9142667
01/15/2021 11:56:12,28.98,316,33.95708356
01/15/2021 11:56:22,28.99,316,33.95659831
01/15/2021 11:56:32,29,316,33.94287278
01/15/2021 11:56:42,28.99,316,33.96648613
01/15/2021 11:56:52,29,316,33.95284885
01/15/2021 11:57:02,29,316,33.95937878
01/15/2021 11:57:12,29,316,33.94287417
01/15/2021 11:57:22,29,316,33.93634544
01/15/2021 11:57:32,29.01,316,33.94239143
01/15/2021 11:57:42,29,316,33.92972658
01/15/2021 11:57:52,29,316,33.92310758
01/15/2021 11:58:02,29.01,316,33.91274664
01/15/2021 11:58:12,28.99,316,33.94345026
01/15/2021 11:58:22,29,316,33.94287661
01/15/2021 11:58:32,29,316,33.95938192
01/15/2021 11:58:42,29,316,33.95938227
01/15/2021 11:58:52,29,316,33.92646466
01/15/2021 11:59:02,29,316,33.95938297
01/15/2021 11:59:12,29,316,33.9660038
01/15/2021 11:59:22,28.99,316,33.93356666
01/15/2021 11:59:32,28.99,316,33.95660493
01/15/2021 11:59:42,29,316,33.93961483
01/15/2021 11:59:52,29.01,316,33.94239631
01/15/2021 12:00:02,29.03,316,33.91170381
01/15/2021 12:00:12,29.01,316,33.91601473
01/15/2021 12:00:22,29.03,316,33.89521224
01/15/2021 12:00:32,29.04,316,33.91784064
01/15/2021 12:00:42,29.03,316,33.90518064
01/15/2021 12:00:52,29.03,316,33.93807771
01/15/2021 12:01:02,29.05,316,33.90739729
01/15/2021 12:01:12,29.03,316,33.93481569
01/15/2021 12:01:22,29.04,316,33.9673193
01/15/2021 12:01:32,29.04,316,33.93759587
01/15/2021 12:01:42,29.04,316,33.9112289
01/15/2021 12:01:52,29.06,316,33.91353262
01/15/2021 12:02:02,29.06,316,33.9003099
01/15/2021 12:02:12,29.08,316,33.89935616
01/15/2021 12:02:22,29.06,316,33.90031059
01/15/2021 12:02:32,29.08,316,33.89274806
01/15/2021 12:02:42,29.06,316,33.92340691
01/15/2021 12:02:52,29.09,316,33.89227272
01/15/2021 12:03:02,29.1,316,33.90826795
01/15/2021 12:03:12,29.1,316,33.86211638
01/15/2021 12:03:22,29.1,316,33.87532782
01/15/2021 12:03:32,29.12,316,33.87103459
01/15/2021 12:03:42,29.12,316,33.84797014
01/15/2021 12:03:52,29.11,316,33.84852953
01/15/2021 12:04:02,29.1,316,33.88845063
01/15/2021 12:04:12,29.11,316,33.88797528
01/15/2021 12:04:22,29.08,316,33.89936068
01/15/2021 12:04:32,29.09,316,33.86919654
01/15/2021 12:04:42,29.08,316,33.90597038
01/15/2021 12:04:52,29.08,316,33.90597073
01/15/2021 12:05:02,29.08,316,33.88288574
01/15/2021 12:05:12,29.06,316,33.90031651
01/15/2021 12:05:22,29.06,316,33.90031686
01/15/2021 12:05:32,29.1,316,33.88193819
01/15/2021 12:05:42,29.04,316,33.95083476
01/15/2021 12:05:52,29.09,316,33.89888656
01/15/2021 12:06:02,29.09,316,33.91201217
01/15/2021 12:06:12,29.03,316,33.94470506
01/15/2021 12:06:22,29.09,316,33.93183807
01/15/2021 12:06:32,29.08,316,33.955503
01/15/2021 12:06:42,29.06,316,33.9267666
01/15/2021 12:06:52,29.08,316,33.96211445
01/15/2021 12:07:02,29.06,316,33.96309195
01/15/2021 12:07:12,29.1,316,33.91488352
01/15/2021 12:07:22,29.12,316,33.93038942
01/15/2021 12:07:32,29.11,316,33.91440366
01/15/2021 12:07:42,29.05,316,34.00327243
01/15/2021 12:07:52,29.1,316,33.95118117
01/15/2021 12:08:02,29.14,316,33.89315676
01/15/2021 12:08:12,29.06,316,33.93329141
01/15/2021 12:08:22,29.09,316,33.97484849
01/15/2021 12:08:32,29.08,316,33.96872888
01/15/2021 12:08:42,29.08,316,34.02497597
01/15/2021 12:08:52,29,316,34.07533714
01/15/2021 12:09:02,29.08,316,34.01836396
01/15/2021 12:09:12,29.12,316,33.97337579
01/15/2021 12:09:22,29.17,316,33.92137407
01/15/2021 12:09:32,29.22,316,33.93882599
01/15/2021 12:09:42,29.21,316,33.92937703
01/15/2021 12:09:52,29.24,316,33.86861245
01/15/2021 12:10:02,29.25,316,33.88465233
01/15/2021 12:10:12,29.26,316,33.87091069
01/15/2021 12:10:22,29.26,316,33.86766293
01/15/2021 12:10:32,29.26,316,33.87424977
01/15/2021 12:10:42,29.26,316,33.91052457
01/15/2021 12:10:52,29.26,316,33.90068869
01/15/2021 12:11:02,29.26,316,33.87758924
01/15/2021 12:11:12,29.24,316,33.92142245
01/15/2021 12:11:22,29.24,316,33.9049022
01/15/2021 12:11:32,29.2,316,33.94974412
01/15/2021 12:11:42,29.19,316,33.93369571
01/15/2021 12:11:52,29.16,316,33.98805376
01/15/2021 12:12:02,29.21,316,33.91953588
01/15/2021 12:12:12,29.21,316,33.91953622
01/15/2021 12:12:22,29.19,316,33.95683232
01/15/2021 12:12:32,29.19,316,33.9237573
01/15/2021 12:12:42,29.16,316,33.93841009
01/15/2021 12:12:52,29.14,316,33.96579593
01/15/2021 12:13:02,29.12,316,33.95682316
01/15/2021 12:13:12,29.1,316,33.98758531
01/15/2021 12:13:22,29.1,316,33.99419501
01/15/2021 12:13:32,29.11,316,33.98048417
01/15/2021 12:13:42,29.1,316,33.97101862
01/15/2021 12:13:52,29.1,316,33.96115136
01/15/2021 12:14:02,29.12,316,33.97999239
01/15/2021 12:14:12,29.17,316,33.91153136
01/15/2021 12:14:22,29.28,316,33.84696916
01/15/2021 12:14:32,29.27,316,33.85402617
01/15/2021 12:14:42,29.28,316,33.87664213
01/15/2021 12:14:52,29.3,316,33.85594252
01/15/2021 12:15:02,29.27,316,33.85068975
01/15/2021 12:15:12,29.3,316,33.79663008
01/15/2021 12:15:22,29.31,316,33.8159026
01/15/2021 12:15:32,29.32,316,33.82534753
01/15/2021 12:15:42,29.3,316,33.83944668
01/15/2021 12:15:52,29.31,316,33.84889042
01/15/2021 12:16:02,29.32,316,33.80561573
01/15/2021 12:16:12,29.27,316,33.84086051
01/15/2021 12:16:22,29.3,316,33.81312674
01/15/2021 12:16:32,29.31,316,33.8126607
01/15/2021 12:16:42,29.31,316,33.82248429
01/15/2021 12:16:52,29.31,316,33.82906376
01/15/2021 12:17:02,29.31,316,33.81266174
01/15/2021 12:17:12,29.33,316,33.80515269
01/15/2021 12:17:22,29.33,316,33.78866837
01/15/2021 12:17:32,29.33,316,33.81497273
01/15/2021 12:17:42,29.35,316,33.78450222
01/15/2021 12:17:52,29.33,316,33.7722761
01/15/2021 12:18:02,29.32,316,33.7891322
01/15/2021 12:18:12,29.32,316,33.81877525
01/15/2021 12:18:22,29.33,316,33.80515511
01/15/2021 12:18:32,29.33,316,33.81173167
01/15/2021 12:18:42,29.33,316,33.7985798
01/15/2021 12:18:52,29.35,316,33.78117311
01/15/2021 12:19:02,29.36,316,33.78404272
01/15/2021 12:19:12,29.36,316,33.75118621
01/15/2021 12:19:22,29.36,316,33.78404342
01/15/2021 12:19:32,29.36,316,33.79061575
01/15/2021 12:19:42,29.33,316,33.80515788
01/15/2021 12:19:52,29.35,316,33.8141327
01/15/2021 12:20:02,29.35,316,33.73516965
01/15/2021 12:20:12,29.33,316,33.82822159
01/15/2021 12:20:22,29.32,316,33.80562472
01/15/2021 12:20:32,29.33,316,33.81173582
01/15/2021 12:20:42,29.35,316,33.77460403
01/15/2021 12:20:52,29.36,316,33.77747475
01/15/2021 12:21:02,29.37,316,33.72769606
01/15/2021 12:21:12,29.37,316,33.72769641
01/15/2021 12:21:22,29.36,316,33.75776167
01/15/2021 12:21:32,29.37,316,33.7408354
01/15/2021 12:21:42,29.37,316,33.74083574
01/15/2021 12:21:52,29.38,316,33.72400661
01/15/2021 12:22:02,29.38,316,33.72400696
01/15/2021 12:22:12,29.39,316,33.7267937
01/15/2021 12:22:22,29.37,316,33.77368644
01/15/2021 12:22:32,29.38,316,33.73057574
01/15/2021 12:22:42,29.39,316,33.72355647
01/15/2021 12:22:52,29.38,316,33.7863655
01/15/2021 12:23:02,29.37,316,33.80663226
01/15/2021 12:23:12,29.38,316,33.76665837
01/15/2021 12:23:22,29.32,316,33.84185431
01/15/2021 12:23:32,29.32,316,33.80229762
01/15/2021 12:23:42,29.25,316,33.85823973
01/15/2021 12:23:52,29.3,316,33.84938007
01/15/2021 12:24:02,29.31,316,33.79294104
01/15/2021 12:24:12,29.31,316,33.82583447
01/15/2021 12:24:22,29.22,316,33.90255127
01/15/2021 12:24:32,29.27,316,33.86387924
01/15/2021 12:24:42,29.16,316,33.94169018
01/15/2021 12:24:52,29.22,316,33.89921107
01/15/2021 12:25:02,29.31,316,33.8455745
01/15/2021 12:25:12,29.28,316,33.8601588
01/15/2021 12:25:22,29.21,316,33.92281548
01/15/2021 12:25:32,29.19,316,33.96345737
01/15/2021 12:25:42,29.19,316,33.92044132
01/15/2021 12:25:52,29.14,316,33.91625527
01/15/2021 12:26:02,29.12,316,33.93703352
01/15/2021 12:26:12,29.14,316,33.95587307
01/15/2021 12:26:22,28.99,316,34.00954888
01/15/2021 12:26:32,29.03,316,33.9910668
01/15/2021 12:26:42,29.08,316,33.98198934
01/15/2021 12:26:52,29.27,316,33.88373045
01/15/2021 12:27:02,29.31,316,33.8521585
01/15/2021 12:27:12,29.35,316,33.82729634
01/15/2021 12:27:22,29.38,316,33.81274478
01/15/2021 12:27:32,29.38,316,33.78970499
01/15/2021 12:27:42,29.39,316,33.81884667
01/15/2021 12:27:52,29.39,316,33.81227772
01/15/2021 12:28:02,29.37,316,33.87587866
01/15/2021 12:28:12,29.42,316,33.86043582
01/15/2021 12:28:22,29.43,316,33.82038669
01/15/2021 12:28:32,29.44,316,33.82000634
01/15/2021 12:28:42,29.46,316,33.82239054
01/15/2021 12:28:52,29.44,316,33.82000703
01/15/2021 12:29:02,29.41,316,33.85101787
01/15/2021 12:29:12,29.36,316,33.91599271
01/15/2021 12:29:22,29.37,316,33.87921325
01/15/2021 12:29:32,29.44,316,33.86622772
01/15/2021 12:29:42,29.43,316,33.88982481
01/15/2021 12:29:52,29.44,316,33.8827763
01/15/2021 12:30:02,29.43,316,33.83028239
01/15/2021 12:30:12,29.47,316,33.8516688
01/15/2021 12:30:22,29.48,316,33.83474831
01/15/2021 12:30:32,29.47,316,33.82201256
01/15/2021 12:30:42,29.46,316,33.79273651
01/15/2021 12:30:52,29.46,316,33.83560774
01/15/2021 12:31:02,29.46,316,33.7927372
01/15/2021 12:31:12,29.44,316,33.82657547
01/15/2021 12:31:22,29.41,316,33.86091996
01/15/2021 12:31:32,29.38,316,33.84902874
01/15/2021 12:31:42,29.42,316,33.82743008
01/15/2021 12:31:52,29.42,316,33.84398126
01/15/2021 12:32:02,29.43,316,33.83028654
01/15/2021 12:32:12,29.48,316,33.81166131
01/15/2021 12:32:22,29.47,316,33.81869145
01/15/2021 12:32:32,29.47,316,33.79559858
01/15/2021 12:32:42,29.43,316,33.85672947
01/15/2021 12:32:52,29.39,316,33.85845748
01/15/2021 12:33:02,29.32,316,33.88801858
01/15/2021 12:33:12,29.33,316,33.8678033
01/15/2021 12:33:22,29.36,316,33.85322358
01/15/2021 12:33:32,29.42,316,33.86044688
01/15/2021 12:33:42,29.33,316,33.88096085
01/15/2021 12:33:52,29.47,316,33.8153697
01/15/2021 12:34:02,29.48,316,33.83143139
01/15/2021 12:34:12,29.47,316,33.77251134
01/15/2021 12:34:22,29.5,316,33.79429088
01/15/2021 12:34:32,29.39,316,33.80572245
01/15/2021 12:34:42,29.5,316,33.72847638
01/15/2021 12:34:52,29.47,316,33.76595434
01/15/2021 12:35:02,29.52,316,33.73088667
01/15/2021 12:35:12,29.46,316,33.79607093
01/15/2021 12:35:22,29.5,316,33.76798237
01/15/2021 12:35:32,29.54,316,33.73329438
01/15/2021 12:35:42,29.53,316,33.77655654
01/15/2021 12:35:52,29.55,316,33.71642425
01/15/2021 12:36:02,29.49,316,33.75847775
01/15/2021 12:36:12,29.55,316,33.72629093
01/15/2021 12:36:22,29.53,316,33.75681458
01/15/2021 12:36:32,29.53,316,33.74030373
01/15/2021 12:36:42,29.46,316,33.7795389
01/15/2021 12:36:52,29.43,316,33.82373165
01/15/2021 12:37:02,29.41,316,33.80479342
01/15/2021 12:37:12,29.39,316,33.79259041
01/15/2021 12:37:22,29.39,316,33.82552622
01/15/2021 12:37:32,29.38,316,33.82590708
01/15/2021 12:37:42,29.37,316,33.77371825
01/15/2021 12:37:52,29.37,316,33.81647535
01/15/2021 12:38:02,29.38,316,33.7732582
01/15/2021 12:38:12,29.35,316,33.8701923
01/15/2021 12:38:22,29.32,316,33.91777636
01/15/2021 12:38:32,29.52,316,33.85289045
01/15/2021 12:38:42,29.57,316,33.74188192
01/15/2021 12:38:52,29.59,316,33.77072414
01/15/2021 12:39:02,29.58,316,33.77773496
01/15/2021 12:39:12,29.59,316,33.7542304
01/15/2021 12:39:22,29.58,316,33.75137541
01/15/2021 12:39:32,29.58,316,33.75137576
01/15/2021 12:39:42,29.57,316,33.78143093
01/15/2021 12:39:52,29.58,316,33.75792137
01/15/2021 12:40:02,29.59,316,33.76740964
01/15/2021 12:40:12,29.6,316,33.75386003
01/15/2021 12:40:22,29.6,316,33.77689495
01/15/2021 12:40:32,29.59,316,33.73451325
01/15/2021 12:40:42,29.57,316,33.79138816
01/15/2021 12:40:52,29.58,316,33.72502156
01/15/2021 12:41:02,29.58,316,33.74151703
01/15/2021 12:41:12,29.6,316,33.73737196
01/15/2021 12:41:22,29.62,316,33.6970404
01/15/2021 12:41:32,29.58,316,33.7744225
01/15/2021 12:41:42,29.62,316,33.70366918
01/15/2021 12:41:52,29.63,316,33.69990255
01/15/2021 12:42:02,29.64,316,33.69953939
01/15/2021 12:42:12,29.64,316,33.69953974
01/15/2021 12:42:22,29.64,316,33.66668284
01/15/2021 12:42:32,29.64,316,33.69954043
01/15/2021 12:42:42,29.64,316,33.69954077
01/15/2021 12:42:52,29.65,316,33.67608256
01/15/2021 12:43:02,29.65,316,33.64985805
01/15/2021 12:43:12,29.65,316,33.6728609
01/15/2021 12:43:22,29.65,316,33.67939549
01/15/2021 12:43:32,29.66,316,33.68225744
01/15/2021 12:43:42,29.65,316,33.70571422
01/15/2021 12:43:52,29.64,316,33.7290922
01/15/2021 12:44:02,29.65,316,33.69586763
01/15/2021 12:44:12,29.66,316,33.68888167
01/15/2021 12:44:22,29.65,316,33.65317229
01/15/2021 12:44:32,29.66,316,33.23060666
01/15/2021 12:44:42,29.66,316,33.24025216
01/15/2021 12:44:52,29.66,316,33.23060735
01/15/2021 12:45:02,29.64,316,33.22196352
01/15/2021 12:45:12,29.62,316,33.25817712
01/15/2021 12:45:22,29.62,316,33.24217886
01/15/2021 12:45:32,29.63,316,33.19668884
01/15/2021 12:45:42,29.63,316,33.2288536
01/15/2021 12:45:52,29.68,316,33.21041221
01/15/2021 12:46:02,29.6,316,33.23987884
01/15/2021 12:46:12,29.59,316,33.28532098
01/15/2021 12:46:22,29.57,316,33.26701706
01/15/2021 12:46:32,29.52,316,33.2886698
01/15/2021 12:46:42,29.57,316,33.25091459
01/15/2021 12:46:52,29.49,316,33.31587278
01/15/2021 12:47:02,29.39,316,33.37551273
01/15/2021 12:47:12,29.58,316,33.26333637
01/15/2021 12:47:22,29.6,316,33.64545783
01/15/2021 12:47:32,29.57,316,33.6532379
01/15/2021 12:47:42,29.59,316,33.63604569
01/15/2021 12:47:52,29.59,316,33.65898232
01/15/2021 12:48:02,29.55,316,33.65412491
01/15/2021 12:48:12,29.6,316,33.61267661
01/15/2021 12:48:22,29.62,316,33.63803815
01/15/2021 12:48:32,29.46,316,33.67454156
01/15/2021 12:48:42,29.6,316,33.64546058
01/15/2021 12:48:52,29.59,316,33.60335029
01/15/2021 12:49:02,29.52,316,33.68820206
01/15/2021 12:49:12,29.54,316,33.71035759
01/15/2021 12:49:22,29.58,316,33.68237293
01/15/2021 12:49:32,29.57,316,33.64669917
01/15/2021 12:49:42,29.63,316,33.62452896
01/15/2021 12:49:52,29.62,316,33.66096535
01/15/2021 12:50:02,29.65,316,33.64002783
01/15/2021 12:50:12,29.68,316,33.62895065
01/15/2021 12:50:22,29.69,316,33.59578256
01/15/2021 12:50:32,29.7,316,33.63799342
01/15/2021 12:50:42,29.69,316,33.5990915
01/15/2021 12:50:52,29.63,316,33.63760177
01/15/2021 12:51:02,29.65,316,33.66625352
01/15/2021 12:51:12,29.7,316,33.63799479
01/15/2021 12:51:22,29.73,316,33.61048257
01/15/2021 12:51:32,29.62,316,33.66096879
01/15/2021 12:51:42,29.54,316,33.67753424
01/15/2021 12:51:52,29.53,316,33.71736548
01/15/2021 12:52:02,29.54,316,33.70049642
01/15/2021 12:52:12,29.73,316,33.64989289
01/15/2021 12:52:22,29.63,316,33.66383764
01/15/2021 12:52:32,29.74,316,33.61665708
01/15/2021 12:52:42,29.77,316,33.60560354
01/15/2021 12:52:52,29.79,316,33.56224484
01/15/2021 12:53:02,29.77,316,33.60560423
01/15/2021 12:53:12,29.79,316,33.60151336
01/15/2021 12:53:22,29.79,316,33.60151371
01/15/2021 12:53:32,29.77,316,33.60560525
01/15/2021 12:53:42,29.62,316,33.67736194
01/15/2021 12:53:52,29.63,316,33.67700312
01/15/2021 12:54:02,29.69,316,33.62198936
01/15/2021 12:54:12,29.47,316,33.73967308
01/15/2021 12:54:22,29.63,316,33.68354088
01/15/2021 12:54:32,29.74,316,33.59370203
01/15/2021 12:54:42,29.69,316,33.61868212
01/15/2021 12:54:52,29.62,316,33.63805157
01/15/2021 12:55:02,29.41,316,33.74897711
01/15/2021 12:55:12,29.36,316,33.76764369
01/15/2021 12:55:22,29.33,316,33.8216278
01/15/2021 12:55:32,29.36,316,33.8005038
01/15/2021 12:55:42,29.41,316,33.78513327
01/15/2021 12:55:52,29.42,316,33.79779986
01/15/2021 12:56:02,29.49,316,33.75851915
01/15/2021 12:56:12,29.48,316,33.76553696
01/15/2021 12:56:22,29.5,316,33.76138136
01/15/2021 12:56:32,29.64,316,33.66671207
01/15/2021 12:56:42,29.7,316,25.83674881
01/15/2021 12:56:52,29.75,316,33.67536637
01/15/2021 12:57:02,29.76,316,33.65195827
01/15/2021 12:57:12,29.77,316,33.61543463
01/15/2021 12:57:22,29.76,316,33.65195895
01/15/2021 12:57:32,29.68,316,33.67494388
01/15/2021 12:57:42,29.65,316,33.66626727
01/15/2021 12:57:52,29.62,316,33.69385006
01/15/2021 12:58:02,29.59,316,33.73123305
01/15/2021 12:58:12,29.75,316,33.67536912
01/15/2021 12:58:22,29.75,316,33.66554131
01/15/2021 12:58:32,29.5,316,33.75815347
01/15/2021 12:58:42,29.63,316,33.7328952
01/15/2021 12:58:52,29.57,316,33.7419236
01/15/2021 12:59:02,29.71,316,33.66385204
01/15/2021 12:59:12,29.65,316,33.67942816
01/15/2021 12:59:22,29.63,316,33.70987924
01/15/2021 12:59:32,29.69,316,33.6613504
01/15/2021 12:59:42,29.74,316,33.63963349
01/15/2021 12:59:52,29.71,316,33.68021612
01/15/2021 13:00:02,29.58,316,33.72183401
01/15/2021 13:00:12,29.64,316,33.67987983
01/15/2021 13:00:22,29.41,316,33.77524923
01/15/2021 13:00:32,29.7,316,33.71689146
01/15/2021 13:00:42,29.69,316,33.68434
01/15/2021 13:00:52,29.65,316,33.70574964
01/15/2021 13:01:02,29.65,316,33.71228524
01/15/2021 13:01:12,29.62,316,33.73989893
01/15/2021 13:01:22,29.62,316,33.71687702
01/15/2021 13:01:32,29.6,316,33.71438368
01/15/2021 13:01:42,29.57,316,33.72883845
01/15/2021 13:01:52,29.58,316,33.7612842
01/15/2021 13:02:02,29.55,316,33.74284849
01/15/2021 13:02:12,29.55,316,33.73298207
01/15/2021 13:02:22,29.58,316,33.73492705
01/15/2021 13:02:32,29.62,316,33.74644153
01/15/2021 13:02:42,29.65,316,33.71891367
01/15/2021 13:02:52,29.65,316,33.71891402
01/15/2021 13:03:02,29.64,316,33.69626992
01/15/2021 13:03:12,29.63,316,33.7164249
01/15/2021 13:03:22,29.62,316,33.71688115
01/15/2021 13:03:32,29.58,316,33.74488063
01/15/2021 13:03:42,29.57,316,33.74193359
01/15/2021 13:03:52,29.59,316,33.74442118
01/15/2021 13:04:02,29.49,316,33.79481955
01/15/2021 13:04:12,29.39,316,33.81235308
01/15/2021 13:04:22,29.27,316,33.86071465
01/15/2021 13:04:32,29.22,316,33.8894508
01/15/2021 13:04:42,29.28,316,33.84049053
01/15/2021 13:04:52,29.33,316,33.85462327
01/15/2021 13:05:02,29.36,316,33.81700015
01/15/2021 13:05:12,29.39,316,33.8024566
01/15/2021 13:05:22,29.41,316,33.77525959
01/15/2021 13:05:32,29.41,316,33.77525994
01/15/2021 13:05:42,29.41,316,33.78839204
01/15/2021 13:05:52,29.35,316,33.79117538
01/15/2021 13:06:02,29.33,316,33.85138195
01/15/2021 13:06:12,29.35,316,33.82404509
01/15/2021 13:06:22,29.32,316,33.82545311
01/15/2021 13:06:32,29.32,316,33.81887563
01/15/2021 13:06:42,29.31,316,33.82592275
01/15/2021 13:06:52,29.3,316,33.84946942
01/15/2021 13:07:02,29.25,316,33.81880983
01/15/2021 13:07:12,29.21,316,33.88659314
01/15/2021 13:07:22,29.24,316,33.86539256
01/15/2021 13:07:32,29.22,316,33.85650043
01/15/2021 13:07:42,29.22,316,33.85650078
01/15/2021 13:07:52,29.21,316,33.84704058
01/15/2021 13:08:02,29.22,316,33.87293399
01/15/2021 13:08:12,29.24,316,33.85221731
01/15/2021 13:08:22,29.22,316,33.85975245
01/15/2021 13:08:32,29.21,316,33.86356703
01/15/2021 13:08:42,29.2,316,33.87063439
01/15/2021 13:08:52,29.22,316,33.8499125
01/15/2021 13:09:02,29.22,316,33.84991284
01/15/2021 13:09:12,29.19,316,33.82829295
01/15/2021 13:09:22,29.15,316,33.87300711
01/15/2021 13:09:32,29.12,316,33.91070477
01/15/2021 13:09:42,29.14,316,33.88668388
01/15/2021 13:09:52,29.19,316,33.90734095
01/15/2021 13:10:02,29.22,316,33.87293815
01/15/2021 13:10:12,29.24,316,33.84238438
01/15/2021 13:10:22,29.3,316,33.95191344
01/15/2021 13:10:32,29.37,316,33.89911063
01/15/2021 13:10:42,29.39,316,33.91479885
01/15/2021 13:10:52,29.42,316,33.88040654
01/15/2021 13:11:02,29.42,316,33.89363277
01/15/2021 13:11:12,29.48,316,33.86125113
01/15/2021 13:11:22,29.49,316,33.89392851
01/15/2021 13:11:32,29.49,316,33.87739503
01/15/2021 13:11:42,29.53,316,33.83273012
01/15/2021 13:11:52,29.43,316,33.87992725
01/15/2021 13:12:02,29.39,316,33.91480161
01/15/2021 13:12:12,29.39,316,33.90156759
01/15/2021 13:12:22,29.36,316,33.90284071
01/15/2021 13:12:32,29.33,316,33.91745147
01/15/2021 13:12:42,29.33,316,33.91745182
01/15/2021 13:12:52,29.33,316,33.93394685
01/15/2021 13:13:02,29.33,316,33.91078289
01/15/2021 13:13:12,29.35,316,33.88017387
01/15/2021 13:13:22,29.37,316,33.91235552
01/15/2021 13:13:32,29.41,316,33.87090514
01/15/2021 13:13:42,29.43,316,33.87993105
01/15/2021 13:13:52,29.52,316,33.88933378
01/15/2021 13:14:02,29.6,316,33.82322051
01/15/2021 13:14:12,29.63,316,33.82860589
01/15/2021 13:14:22,29.7,316,33.80262751
01/15/2021 13:14:32,29.74,316,33.77462546
01/15/2021 13:14:42,29.77,316,33.78009893
01/15/2021 13:14:52,29.77,316,33.78009927
01/15/2021 13:15:02,29.8,316,33.75912862
01/15/2021 13:15:12,29.81,316,33.75214351
01/15/2021 13:15:22,29.82,316,33.72204221
01/15/2021 13:15:32,29.84,316,33.7312025
01/15/2021 13:15:42,29.81,316,33.75214454
01/15/2021 13:15:52,29.82,316,33.73195092
01/15/2021 13:16:02,29.85,316,33.69452329
01/15/2021 13:16:12,29.87,316,33.7102841
01/15/2021 13:16:22,29.91,316,33.6824255
01/15/2021 13:16:32,29.91,316,33.68242584
01/15/2021 13:16:42,29.86,316,33.69415697
01/15/2021 13:16:52,29.81,316,33.74553995
01/15/2021 13:17:02,29.73,316,33.74532369
01/15/2021 13:17:12,29.73,316,33.75855723
01/15/2021 13:17:22,29.73,316,33.73870809
01/15/2021 13:17:32,29.73,316,33.7288738
01/15/2021 13:17:42,29.74,316,33.69882846
01/15/2021 13:17:52,29.73,316,33.72225871
01/15/2021 13:18:02,29.73,316,33.72225906
01/15/2021 13:18:12,29.74,316,33.7383369
01/15/2021 13:18:22,29.74,316,33.74495232
01/15/2021 13:18:32,29.76,316,33.72436652
01/15/2021 13:18:42,29.77,316,33.6712934
01/15/2021 13:18:52,29.77,316,33.68772835
01/15/2021 13:19:02,29.79,316,33.65735728
01/15/2021 13:19:12,29.79,316,33.71003765
01/15/2021 13:19:22,29.76,316,33.66183
01/15/2021 13:19:32,29.76,316,33.65200459
01/15/2021 13:19:42,29.8,316,33.6569991
01/15/2021 13:19:52,29.79,316,33.6639656
01/15/2021 13:20:02,29.77,316,33.65486281
01/15/2021 13:20:12,29.8,316,33.68003069
01/15/2021 13:20:22,29.84,316,33.60945123
01/15/2021 13:20:32,29.81,316,33.64022072
01/15/2021 13:20:42,29.75,316,33.6918563
01/15/2021 13:20:52,29.7,316,33.68723909
01/15/2021 13:21:02,29.63,316,33.68690913
01/15/2021 13:21:12,29.64,316,33.66676297
01/15/2021 13:21:22,29.65,316,33.66631609
01/15/2021 13:21:32,29.58,316,33.65949641
01/15/2021 13:21:42,29.54,316,33.70387661
01/15/2021 13:21:52,29.54,316,33.73670956
01/15/2021 13:22:02,29.53,316,33.70755873
01/15/2021 13:22:12,29.55,316,33.74943839
01/15/2021 13:22:22,29.58,316,33.72188015
01/15/2021 13:22:32,29.59,316,33.72142455
01/15/2021 13:22:42,29.66,316,33.6921831
01/15/2021 13:22:52,29.6,316,33.68485947
01/15/2021 13:23:02,29.6,316,33.68485982
01/15/2021 13:23:12,29.58,316,33.69884499
01/15/2021 13:23:22,29.53,316,33.73053038
01/15/2021 13:23:32,29.54,316,33.7038804
01/15/2021 13:23:42,29.5,316,33.69249136
01/15/2021 13:23:52,29.5,316,33.75156173
01/15/2021 13:24:02,29.5,316,33.6990446
01/15/2021 13:24:12,29.58,316,33.70870689
01/15/2021 13:24:22,29.54,316,5.09448831
01/15/2021 13:24:32,29.53,316,33.69446557
01/15/2021 13:24:42,29.62,316,33.69390545
01/15/2021 13:24:52,29.62,316,33.65450039
01/15/2021 13:25:02,29.65,316,33.64010002
01/15/2021 13:25:12,29.74,316,33.60359175
01/15/2021 13:25:22,29.76,316,33.58315984
01/15/2021 13:25:32,29.76,316,33.57985634
01/15/2021 13:25:42,29.74,316,33.57741937
01/15/2021 13:25:52,29.68,316,33.59629099
01/15/2021 13:26:02,29.65,316,33.59428567
01/15/2021 13:26:12,29.62,316,33.63157974
01/15/2021 13:26:22,29.65,316,33.610661
01/15/2021 13:26:32,29.68,316,33.59629236
01/15/2021 13:26:42,29.69,316,33.56644303
01/15/2021 13:26:52,29.73,316,33.5386383
01/15/2021 13:27:02,29.7,316,33.52034391
01/15/2021 13:27:12,29.73,316,33.54515968
01/15/2021 13:27:22,29.74,316,33.53169414
01/15/2021 13:27:32,29.74,316,33.52517538
01/15/2021 13:27:42,29.75,316,33.51823435
01/15/2021 13:27:52,29.76,316,33.5341484
01/15/2021 13:28:02,29.77,316,33.5108745
01/15/2021 13:28:12,29.76,316,33.51781275
01/15/2021 13:28:22,29.77,316,33.50436024
01/15/2021 13:28:32,29.75,316,33.47913403
01/15/2021 13:28:42,29.76,316,33.52433031
01/15/2021 13:28:52,29.75,316,33.42058451
01/15/2021 13:29:02,29.76,316,33.39742891
01/15/2021 13:29:12,29.77,316,33.40023955
01/15/2021 13:29:22,29.76,316,33.41687938
01/15/2021 13:29:32,29.74,316,33.40474642
01/15/2021 13:29:42,29.75,316,33.404345
01/15/2021 13:29:52,29.74,316,33.41777805
01/15/2021 13:30:02,29.75,316,33.38159223
01/15/2021 13:30:12,29.74,316,33.38850487
01/15/2021 13:30:22,29.73,316,33.38577981
01/15/2021 13:30:32,29.7,316,33.35143231
01/15/2021 13:30:42,29.7,316,33.41617926
01/15/2021 13:30:52,29.73,316,33.38247831
01/15/2021 13:31:02,29.75,316,33.37517023
01/15/2021 13:31:12,29.76,316,33.35532807
01/15/2021 13:31:22,29.75,316,33.36223417
01/15/2021 13:31:32,29.77,316,33.35484633
01/15/2021 13:31:42,29.79,316,33.31198586
01/15/2021 13:31:52,29.8,316,33.30179779
01/15/2021 13:32:02,29.8,316,33.29217443
01/15/2021 13:32:12,29.8,316,33.28567012
01/15/2021 13:32:22,29.8,316,33.2792551
01/15/2021 13:32:32,29.79,316,33.27963561
01/15/2021 13:32:42,29.79,316,33.23775515
01/15/2021 13:32:52,29.79,316,33.26350674
01/15/2021 13:33:02,29.77,316,33.27085773
01/15/2021 13:33:12,29.79,316,33.23775617
01/15/2021 13:33:22,29.77,316,33.23867942
01/15/2021 13:33:32,29.77,316,33.25151511
01/15/2021 13:33:42,29.79,316,33.24746924
01/15/2021 13:33:52,29.76,316,33.28416622
01/15/2021 13:34:02,29.77,316,33.22896566
01/15/2021 13:34:12,29.82,316,33.22684471
01/15/2021 13:34:22,29.82,316,33.17858737
01/15/2021 13:34:32,29.79,316,33.2023895
01/15/2021 13:34:42,29.75,316,33.19770158
01/15/2021 13:34:52,29.73,316,33.17934679
01/15/2021 13:35:02,29.75,316,33.14324093
01/15/2021 13:35:12,29.79,316,33.10940757
01/15/2021 13:35:22,29.76,316,33.1235518
01/15/2021 13:35:32,29.74,316,33.17247941
01/15/2021 13:35:42,29.76,316,33.13638311
01/15/2021 13:35:52,29.77,316,33.19367789
01/15/2021 13:36:02,29.8,316,33.08974171
01/15/2021 13:36:12,29.81,316,33.09571552
01/15/2021 13:36:22,29.81,316,33.0573574
01/15/2021 13:36:32,29.82,316,33.04411656
01/15/2021 13:36:42,29.84,316,33.07519331
01/15/2021 13:36:52,29.81,316,33.02550222
01/15/2021 13:37:02,29.81,316,33.04774801
01/15/2021 13:37:12,29.8,316,33.07692556
01/15/2021 13:37:22,29.8,316,33.05458435
01/15/2021 13:37:32,29.82,316,33.04732152
01/15/2021 13:37:42,29.81,316,32.99996907
01/15/2021 13:37:52,29.79,316,32.91520753
01/15/2021 13:38:02,29.77,316,32.95419551
01/15/2021 13:38:12,29.79,316,32.94688114
01/15/2021 13:38:22,29.79,316,32.89928493
01/15/2021 13:38:32,29.75,316,32.92652349
01/15/2021 13:38:42,29.73,316,32.95610115
01/15/2021 13:38:52,29.68,316,33.19133033
01/15/2021 13:39:02,29.7,316,32.93843473
01/15/2021 13:39:12,29.7,316,32.9163354
01/15/2021 13:39:22,29.73,316,32.78541413
01/15/2021 13:39:32,29.73,316,32.71013154
01/15/2021 13:39:42,29.77,316,32.71436356
01/15/2021 13:39:52,29.85,316,32.53235105
01/15/2021 13:40:02,29.87,316,33.74992882
01/15/2021 13:40:12,29.87,316,33.76321858
01/15/2021 13:40:22,29.86,316,33.73380543
01/15/2021 13:40:32,29.93,316,33.66197005
01/15/2021 13:40:42,29.97,316,33.67368575
01/15/2021 13:40:52,30.03,316,33.65512656
01/15/2021 13:41:02,30.06,316,33.68370826
01/15/2021 13:41:12,30.11,316,33.63587286
01/15/2021 13:41:22,30.18,316,33.60717949
01/15/2021 13:41:32,30.23,316,33.59891627
01/15/2021 13:41:42,30.23,316,33.58581143
01/15/2021 13:41:52,30.28,316,33.57429507
01/15/2021 13:42:02,30.34,316,33.55925666
01/15/2021 13:42:12,30.39,316,33.51493543
01/15/2021 13:42:22,30.4,316,33.53109103
01/15/2021 13:42:32,30.44,316,33.50358418
01/15/2021 13:42:42,30.45,316,33.5197251
01/15/2021 13:42:52,30.45,316,33.49019018
01/15/2021 13:43:02,30.46,316,33.46032012
01/15/2021 13:43:12,30.49,316,33.49559492
01/15/2021 13:43:22,30.51,316,33.4818687
01/15/2021 13:43:32,30.53,316,33.44509096
01/15/2021 13:43:42,30.66,316,33.44489528
01/15/2021 13:43:52,30.78,316,33.37937606
01/15/2021 13:44:02,30.89,316,33.34057187
01/15/2021 13:44:12,30.93,316,33.35279984
01/15/2021 13:44:22,30.96,316,33.31933195
01/15/2021 13:44:32,31,316,33.32169327
01/15/2021 13:44:42,31.09,316,33.27712107
01/15/2021 13:44:52,31.13,316,33.24355796
01/15/2021 13:45:02,31.15,316,33.23988286
01/15/2021 13:45:12,31.15,316,33.23005613
01/15/2021 13:45:22,31.16,316,33.23313372
01/15/2021 13:45:32,31.17,316,33.21656359
01/15/2021 13:45:42,31.2,316,33.21267419
01/15/2021 13:45:52,31.24,316,33.19553957
01/15/2021 13:46:02,31.26,316,33.19518093
01/15/2021 13:46:12,31.31,316,33.17134836
01/15/2021 13:46:22,31.36,316,33.13776717
01/15/2021 13:46:32,31.38,316,33.10149846
01/15/2021 13:46:42,31.43,316,33.07779282
01/15/2021 13:46:52,31.44,316,33.12661355
01/15/2021 13:47:02,31.48,316,33.0737357
01/15/2021 13:47:12,31.48,316,33.08349884
01/15/2021 13:47:22,31.5,316,33.05389149
01/15/2021 13:47:32,31.5,316,33.07669102
01/15/2021 13:47:42,31.53,316,33.01755079
01/15/2021 13:47:52,31.51,316,32.96909203
01/15/2021 13:48:02,31.4,316,32.8837524
01/15/2021 13:48:12,31.37,316,32.87466623
01/15/2021 13:48:22,31.4,316,32.85471221
01/15/2021 13:48:32,31.6,316,32.71583834
01/15/2021 13:48:42,31.61,316,32.73488196
01/15/2021 13:48:52,31.73,316,32.65579312
01/15/2021 13:49:02,31.73,316,32.66223181
01/15/2021 13:49:12,31.85,316,32.54509084
01/15/2021 13:49:22,31.89,316,32.51251829
01/15/2021 13:49:32,31.91,316,32.48671575
01/15/2021 13:49:42,31.82,316,32.52961109
01/15/2021 13:49:52,31.77,316,32.54006283
01/15/2021 13:50:02,31.82,316,32.53603605
01/15/2021 13:50:12,31.8,316,32.54270288
01/15/2021 13:50:22,31.88,316,32.46182192
01/15/2021 13:50:32,31.82,316,32.52327429
01/15/2021 13:50:42,31.83,316,32.5071429
01/15/2021 13:50:52,31.83,316,32.55176217
01/15/2021 13:51:02,31.83,316,32.50080691
01/15/2021 13:51:12,31.85,316,32.47181923
01/15/2021 13:51:22,31.86,316,32.50345959
01/15/2021 13:51:32,31.91,316,32.42636302
01/15/2021 13:51:42,31.85,316,32.47182021
01/15/2021 13:51:52,31.83,316,32.48488216
01/15/2021 13:52:02,31.87,316,32.44285616
01/15/2021 13:52:12,31.92,316,32.38814797
01/15/2021 13:52:22,31.93,316,32.39744945
01/15/2021 13:52:32,31.94,316,32.4353674
01/00/1900 00:00:00,31.93,316,32.41334194
